test,stat,p_value
Mann–Whitney U,890126.0,2.684094614142347e-54
Kolmogorov–Smirnov,0.3429284289884018,7.905878146481943e-42
Cliff's delta,0.45129651376033686,
