period,share,ci_low,ci_high
2010-2014,0.05040689906473946,0.04554840276934289,0.054901008137981294
2015-2019,,,
