year,agri_cnt,total_cnt,agri_share,agri_frp,total_frp,agri_frp_share
2010,415,8233,0.05040689906473946,4344.9,211663.6,0.02052738401879208
